disable if starts with #	RULE	hosts	ad/analy/track/	app/sp/pc	site/app id ページ・アプリの例	service	desctiption	url	create_at
汎用ルール									
+	/[\/_?&-](?:sp|google|page)?ad(?:sense|v[ert]*(?:ise(?:ment)?)?|js)?s?\d*[\/_.?=-]/		ad				汎用・広告		
+	/[\/_?&-]analy(?:tics|sis|s|zer?)?[\/_.?=-]/		analy				汎用・解析		
+	/[\/_?&-]beacons?[\/_.?=-]/		analy						
+	/[\/_?&-]aff(?:iliates?(?:id)?|id)[\/_.?=-]/		ad						
CSS非表示									
	##.ad		ad						
	##.ads		ad						
	##.spads		ad						
	##.plugin-ad		ad						
	##.google-user-ad		ad						
	###category-ad		ad			livedoor blog	ライブドアブログ スマホ用		

通常ルール									
▼アプリ									
	||adlayout.net^	ads.adlayout.net	ad	app	cn.menue.netcounter	AdLayout	中国 パケットモニター	
	||umeng.com^	alog.umeng.com	ad	app	cn.menue.netcounter	友盟 Umeng	中国 パケットモニター	
	||umeng.co^	alog.umeng.co	ad	app	cn.menue.netcounter	友盟 Umeng	中国 パケットモニター	
	||medibaad.com^	adc.medibaad.com	ad	app	com.sauzask.hissi	mediba ad	必死チェッカーdroid	
	||netad.access-company.com^	netad.access-company.com	ad	app	com.access_company.android.nfcommunicator	ACCESS	CosmoSia(デコメ・メール)	http://netad.access-company.com/ad/ads?v=1.0&a=3svfzreiorqut30gt8an&f=json&e=UTF-8&u=Mozilla%252F5.0%2B%2528Linux%253B%2BU%253B%2BAndroid%2B4.2.2%253B%2Bja-jp%253B%2BNexus%2B7%2BBuild%252FJDQ39%2529%2BAppleWebKit%252F534.30%2B%2528KHTML%252C%2Blike%2BGecko%2529%2BVersion%252F4.0%2BSafari%252F534.30&i=%3A%3A1%251
	||inmobi.com^	i.w.inmobi.com	ad	app	com.mxtech.videoplayer.ad	"InMobi: Mobile Advertising Solutions for Agencies, Advertisers …"	MXプレイヤー	http://i.w.inmobi.com/showad.asm
	||admob.com^	media.admob.com	ad	app	com.mxtech.videoplayer.ad	google		http://media.admob.com/sdk-core-v40.js
	||appdriver.jp^	appdriver.jp gyro.appdriver.jp	ad	app	jp.co.dankhearts.mcg	Adways	目的：広告 送信先：Adways sdk	http://appdriver.jp/3.0.6267z?app=1.0-4&digest=debe3bfe7840fdb0975b8da2571368189c7dad22833373b45c2ee4f3db860300
	||reward.gree.net^	reward.gree.net	ad	app	jp.co.dankhearts.mcg			http://reward.gree.net/3.0.3493a?_spn=&advertisement=install&campaign_id=3393&carrier=&country=JP&lang=ja&model=Nexus+7&privileged=1&refresh=0%3BURL%3Ddhmcg%3A%2F%2Flaunch%2F&sdk_ver=1.6&send_time=2013-07-01T12%3A01%3A03&system=4.2.2&user=e3b0c44298fc1c149afbf4c8996fb92427ae41e4649b934ca495991b7852b855&digest=2acbd435dd30e55ab64cf095a7a127619413b15b9586c31c0e2ea15f9d9b4778
	||metaps.net^	apis-urls.metaps.net	ad	app	jp.co.dankhearts.mcg		SSL通信	
	||appbrain.com^	p.appbrain.com	ad	app	com.ziggysgames.busjumper			http://p.appbrain.com/app2.data?v=29
	||appang.kr^	m.appang.kr	ad	app	com.com2us.tinyfarm.normal.freefull.google.global.android.common			http://m.appang.kr//appJson/spAppRunAndroid.asp
	||playhaven.com^	api2.playhaven.com	ad	app	com.com3us.tinyfarm.normal.freefull.google.global.android.common			http://api2.playhaven.com/v3/publisher/open/?app=com.com2us.tinyfarm.normal.freefull.google.global.android.common&os=4.2.2+17&orientation=0&connection=0&hardware=Nexus+7&idiom=3&width=1280&scount=0&app_version=1.04.00&sdk_version=1.12.1&sdk_platform=android&ssum=0&languages=ja&height=736&token=a2d0626ad5844fd4acfc1edf48966385&nonce=hX5is6z0SABKe3Jfm9-alxwGQL0&device=c32c60dd73a787d3&dpi=213&signature=dfac6426429cec910d6d8fe5af5c913a4a6dfebf
+	||kontagent.net^	api.geo.kontagent.net	track	app	com.com4us.tinyfarm.normal.freefull.google.global.android.common			http://api.geo.kontagent.net/api/v1/a2355d8971c245ecba44456b4e5e8c63/apa/?ts=1372688755&s=4900991262269227537&su=daab95962f887af6daed71c932d21d8e&kt_v=au1.2.7
	||service.sponsorpay.com^	sponsorpay.com	ad	app	com.com5us.tinyfarm.normal.freefull.google.global.android.common			http://service.sponsorpay.com/installs/v2?mac_address=08%3A60%3A6e%3A33%3Ab4%3Ae9&android_id=c32c60dd73a787d3&answer_received=0&phone_version=asus_Nexus%207&sdk_version=1.8.2&appid=A51610&device_id=null&language=ja_JP&os_version=Android%20OS%204.2.2
	||mopub.com^	ads.mopub.com	ad	app	com.com6us.tinyfarm.normal.freefull.google.global.android.common			http://ads.mopub.com/m/open?v=6&id=com.com2us.tinyfarm.normal.freefull.google.global.android.common&udid=sha:23f6dc37f02eb53a86345ba2549494c0c3979921


▼サイト						
	||affiliate.rakuten.co.jp^	"xml.affiliate.rakuten.co.jp, static.affiliate.rakuten.co.jp"	ad	pc		

	||nend.net^	"ad1.nend.net,ad2.nend.net,js1.nend.net"	ad	app/sp		nend ネンド
	||i-mobile.co.jp^	"spdeliverp.i-mobile.co.jp, spad.i-mobile.co.jp, spapi.i-mobile.co.jp, spnet1.i-mobile.co.jp, spnet2.i-mobile.co.jp, spnet3.i-mobile.co.jp, spnet4.i-mobile.co.jp, spnet5.i-mobile.co.jp"	ad	app/sp		アイモバイル i-mobile
	||accesstrade.net^	h.accesstrade.net	ad	app/sp/pc		アクセストレード アフィ
	||microad.jp^	adf.send.microad.jp	ad			
	||adingo.jp^	sh.adingo.jp	ad			
	||fout.jp^	sync.fout.jp	ad			
	||impact-ad.jp^	m.one.impact-ad.jp	ad			
	||revsci.net^	pix04.revsci.net	ad			
	||iogous.com^	a.iogous.com	ad			
	||gmossp-sp.jp^	sp.gmossp-sp.jp	ad			
	||searchteria.co.jp^	op20.searchteria.co.jp	ad			
	||advg.jp^	ds.advg.jp	ad			ADPLAN	広告効果測定ADPLANサーバー	
	||kau.li^	js.kau.li	ad			Kauli		
	||bannerbridge.net^	track.bannerbridge.net	ad					
	||ad-stir.com^	ad-stir.com js.ad-stir.com api.ad-stir.com dist.ad-stir.com dist.adp.ad-stir.com	ad					http://api.ad-stir.com/sc/?app_id=&ad_spot_no=1&ver=1.5.1&locale=ja_JP http://dist.ad-stir.com/ad?enc=utf8&app_id=&ip=192.168.137.32&ua=Android_app_Nexus+7_17&uid=89bb90e8-6752-4b37xxxxxx&ad_spot_no=1
	||a8.net^		ad			A8	アフィリエイト	
	||sprout-ad.com^	j.sprout-ad.com	ad					
	||adplatform.jp^	tr.adplatform.jp	ad				広告効果測定ツール	
	||media-b.jp^	media-b.jp	ad				広告代理	

	||afl.rakuten.co.jp^	hbb.afl.rakuten.co.jp	ad					

	||rcm-jp.amazon.co.jp^	rcm-jp.amazon.co.jp	ad				Amazon アソシエイト・プログラム	
	||assoc-amazon.jp^	www.assoc-amazon.jp	ad					
	||adlantis.jp^	"sp.ad.adlantis.jp, static.adlantis.jp"	ad	web		adlantis.jp アドランティス	無料の広告配信サーバー	


	||ov.yahoo.co.jp^		ad				Yahoo!プロモーション広告?	

	||bypass.jp^	as.a.bypass.jp	ad				広告?	
	||href.asia^	d.href.asia	ad				?	
	||a.adimg.net^	a.adimg.net	ad				?	
	||unthem.com^	api.unthem.com	ad	sp	はちま起稿		?	http://api.unthem.com/js/spad.js?zname=' + ad_cd + '&ref=' + encodeURIComponent(document.referrer) + '&_=' + Math.round(Math.random()*10000000000)

	||mcgate.jp^	redirect.mcgate.jp	ad				? ゴミ	

	||webtracker.jp^	a.t.webtracker.jp	analy					
	||www.access-kaiseki-tools.com^		analy					

	||uploader.asia^		omntn				おまんちん	
	||yountunbe.com^		omntn				おまんちん	
	||manmanco.info^		omntn				おまんちん	
	||upupimg.com^		omntn					

	||red.st-hatena.com/ad^		ad	web		hatena はてな	はてな
	||ai.yimg.jp/bdv/yahoo/javascript/		ad			yahoo	不具合が出ないか不明
	||yjaxc.yahoo.co.jp/oi^		ad	web		yahoo	コンテンツマッチ広告
	||ai.yimg.jp/images/listing/tool/crocos/crocos_ytop.js^		ad			yahoo	
	||b.www.yahoo.co.jp/p.gif^		analy			yahoo	1x1
	||b3.yahoo.co.jp/b^		analy			yahoo	1x1
	|http://i.yimg.jp/images/rapid/1.5.0/ult.js^		analy			yahoo	?

	||adingo.jp.eimg.jp^	sp.adingo.jp.eimg.jp	ad				atwiki


#		apis.google.com	sns			google	Google+ボタン ?
	||googlesyndication.com^	pagead2.googlesyndication.com	ad			google	
	||doubleclick.net^	"googleads.g.doubleclick.net, n4061ad.jp.doubleclick.net"	ad			google	n4061ad=youtube
	||googleadservices.com^	partner.googleadservices.com	ad			google	
	||googletagservices.com^		ad			google		
+	||google-analytics.com^	"www.google-analytics.com, ssl.google-analytics.com"	analy			google	Googleアナリティクス	

	||analysis.shinobi.jp^	analysis.shinobi.jp	analy			忍者ツール		
	||adm.shinobi.jp^	adm.shinobi.jp	ad			忍者ツール	忍者admax	


	/^http:\/\/clicktrack\d*\.ziyu\.net\//		analy			ACR WEB	クリックトラック ziyu.net	
	||spstatic.ameba.jp/js/a.js^		ad			ameba	広告スクリプト?	
	||spstatic.ameba.jp/js/d.js^		ad			ameba	広告?	
	||amoad.com^	j.amoad.com d.amoad.com	ad	sp		amoad		http://d.amoad.com/ad/json/?sid=1&uid=6&orientation=portrait&app=1&version=2.4.0&appdomain=&appname=
	||act.ameba.jp^	act.ameba.jp	analy			ameba	追跡? 1x1gif	
	||counter2.blog.livedoor.com^	counter2.blog.livedoor.com	cntr			livedoor blog	カウンタ	
	||i2i.jp/bin/count^		cntr			i2i	cc2.i2i.jp	
	||amazoo.longseller.org^	amazoo.longseller.org	ad				Amazonキーワード検索結果・ランキング ブログパーツ	
	||adsp.i2idata.com^	adsp.i2idata.com	ad				1x1gif ad?	
	||rc4.i2i.jp/view/		rank			i2i	アクセスランキング	
	||rc4.i2i.jp/bin/get.x^		ad			i2i	広告 ?	
	||media.fc2.com/counter_empjs.php^		cntr			fc2	カウンタ?	
	||omt.shinobi.jp^		sns			ninja	位置固定要素 sns おまとめボタン 重い	
	||ebis.ne.jp^		ad			ebis アドエビス	広告効果測定No.1システム	
	||scorecardresearch.com^	b.scorecardresearch.com	analy					
	||quantserve.com^		analy					
	||tumblr.com/impixu^		analy			tumblr	1x1	
	||medibaad.com^	adc.medibaad.com	ad	app/sp				
	||d.exit-ad.com^	d.exit-ad.com	ad	app	jp.co.applica			http://d.exit-ad.com/ad/json/?sid=&orientation=portrait&app=1&count=0
	||img1.rankan.net^		ad		はちま起稿		rankan.net	http://img1.rankan.net/images/img002
	"##a[href^=""http://img1.rankan.net/links/""]"		ad		はちま起稿		rankan.net	http://img1.rankan.net/links/img002
	||astrsk.net^	public.astrsk.net	ad	sp	http://ffdic.wikiwiki.jp/		アイコン型スマホアプリ広告の「アスタ」	http://public.astrsk.net/mbget.css http://public.astrsk.net/wikiwiki.jpJjNA/mbget.cgi?ucd=EUB7xO4-mRev2jzQBI3k5h18fa4f88&size=73x75&idx=1&idx=2&idx=3&idx=4
	||media-rep.com^	adc.media-rep.com	ad	sp		?	アダルト広告?	http://adc.media-rep.com/smtad.js


		api.app-c.net	ad	app	ff.appgroup.app001_hrenai		SSLのみ　アプリ推薦		2013/8/9
	||adwhirl.com^	mob.adwhirl.com	ad	app	ff.appgroup.app001_hrenai			http://mob.adwhirl.com/getInfo.php?appid=673db343ebed418fa841f6a1b3d31209&appver=320&client=2	2013/8/9
	||4-fusion.com^	api1.4-fusion.com	ad	app	ff.appgroup.app002_hrenai			http://api1.4-fusion.com/appgroup/push.php	2013/8/9
	||s.tabelog.com/smartphone/restaurant_detail/ajax_contents/?rcd=		ad	sp	食べログ		追尾 食べログ	http://s.tabelog.com/smartphone/restaurant_detail/ajax_contents/?rcd=27059636&from_action=top	2013/8/9
	||yads.yahoo.co.jp^	yads.yahoo.co.jp	ad	sp	naverまとめ	yahoo	追尾	http://yads.yahoo.co.jp/js/yads.js	2013/8/11

	@@||auctions.c.yimg.jp^		ad	app			ヤフオクアプリ　豆腐フィルタ対策		
